1,2012,Hosp_20_de_Noviembre,367033
2,2012,Acatitla,5182670
3,2012,Aculco,3670704
4,2012,Agricola_Oriental,3724121
5,2012,Allende,14245066
6,2012,Apatlaco,4832943
7,2012,Aquiles_Serdan,7146988
8,2012,Aragon,2929011
9,2012,Atlalilco,6923536
10,2012,Auditorio,11000976
11,2012,Autobuses_del_Norte,8892726
12,2012,Azcapotzalco,2712965
13,2012,Balbuena,8392031
14,2012,Balderas,12405010
15,2012,Barranca_del_Muerto,11918034
16,2012,Bellas_Artes,16206740
17,2012,Blvd_Puerto_Aereo,15955571
18,2012,Bondojito,2587731
19,2012,Bosque_de_Aragon,2515504
20,2012,Buenavista,19339419
21,2012,Calle_11,594520
22,2012,Camarones,5652396
23,2012,Canal_de_San_Juan,4812479
24,2012,Canal_del_Norte,3170307
25,2012,Candelaria,11074886
26,2012,Centro_Medico,12193702
27,2012,Cerro_de_la_Estrella,7139771
28,2012,Chabacano,17759590
29,2012,Chapultepec,17522093
30,2012,Chilpancingo,11246708
31,2012,Ciudad_Azteca,23647562
32,2012,Ciudad_Deportiva,7049477
33,2012,Colegio_Militar,6524941
34,2012,Constitucion_de_1917,26456800
35,2012,Constituyentes,4186337
36,2012,Consulado,3968880
37,2012,Copilco,14457726
38,2012,Coyoacan,8586901
39,2012,Coyuya,8071336
40,2012,Cuatro_Caminos,42933161
41,2012,Cuauhtemoc,7931980
42,2012,Cuitlahuac,9152484
43,2012,Culhuacan,536523
44,2012,Deportivo_Oceania,6793016
45,2012,Deptvo_18_de_Marzo,17619212
46,2012,Division_del_Norte,7485109
47,2012,Doctores,4711282
48,2012,Eduardo_Molina,2915243
49,2012,Eje_Central,318716
50,2012,El_Rosario,22111456
51,2012,Ermita,10518251
52,2012,Escuadron_201,8902300
53,2012,Etiopia,8833618
54,2012,Eugenia,7594542
55,2012,Ferreria,7296528
56,2012,Fray_Servando,2640578
57,2012,Garibaldi,18937524
58,2012,General_Anaya,11001096
59,2012,Gomez_Farias,13689263
60,2012,Guelatao,8867578
61,2012,Guerrero,9140888
62,2012,Hangares,1902550
63,2012,Hidalgo,18835604
64,2012,Hospital_General,8395708
65,2012,Impulsora,10917327
66,2012,Indios_Verdes,40125405
67,2012,Inst_del_Petroleo,3978411
68,2012,Insurgentes,16627698
69,2012,Insurgentes_Sur,935315
70,2012,Isabel_la_Catolica,9040676
71,2012,Iztacalco,6759849
72,2012,Iztapalapa,4894783
73,2012,Jamaica,7359902
74,2012,Juanacatlan,7034456
75,2012,Juarez,6934712
76,2012,La_Paz,10561801
77,2012,La_Raza,16314295
78,2012,La_Viga,3064787
79,2012,La_Villa_Basilica,4970808
80,2012,Lagunilla,8880431
81,2012,Lazaro_Cardenas,5873062
82,2012,Lindavista,6859088
83,2012,Lomas_Estrella,357639
84,2012,Los_Reyes,7079553
85,2012,Martin_Carrera,18684640
86,2012,Merced,15963013
87,2012,Mexicaltzingo,545069
88,2012,Miguel_A_de_Q,10451759
89,2012,Misterios,3224980
90,2012,Mixcoac,9245273
91,2012,Mixiuhca,7597062
92,2012,Moctezuma,15385878
93,2012,Morelos,4874029
94,2012,Muzquiz,13575862
95,2012,Nativitas,7457594
96,2012,Nezahualcoyotl,9638760
97,2012,Ninos_Heroes,6979938
98,2012,Nopalera,641089
99,2012,Normal,12640129
100,2012,Norte_45,2291655
101,2012,Obrera,6561232
102,2012,Observatorio,24936832
103,2012,Oceania,7442175
104,2012,Olimpica,7618455
105,2012,Olivos,615701
106,2012,Panteones,7128102
107,2012,Pantitlan,97178544
108,2012,Parque_de_los_Venados,349070
109,2012,Patriotismo,7802504
110,2012,Penon_Viejo,4924040
111,2012,Periferico_Oriente,1098453
112,2012,Pino_Suarez,19942524
113,2012,Plaza_Aragon,7869581
114,2012,Polanco,11188913
115,2012,Politecnico,12142498
116,2012,Popotla,5399442
117,2012,Portales,8887259
118,2012,Potrero,9324029
119,2012,Puebla,11551239
120,2012,Refineria,3855085
121,2012,Revolucion,11024639
122,2012,Ricardo_Flores_Magon,2539051
123,2012,Rio_de_los_Remedios,7496788
124,2012,Romero_Rubio,3616810
125,2012,Salto_del_Agua,15599334
126,2012,San_Andres_Tomatlan,380241
127,2012,San_Antonio,5680668
128,2012,San_Antonio_Abad,10573208
129,2012,San_Cosme,9883935
130,2012,San_Joaquin,6114813
131,2012,San_Juan_Letran,7838062
132,2012,San_Lazaro,17515310
133,2012,San_Pedro_los_Pinos,4097163
134,2012,Santa_Anita,6281599
135,2012,Santa_Marta,9730073
136,2012,Sevilla,9766457
137,2012,Tacuba,16431007
138,2012,Tacubaya,43822311
139,2012,Talisman,2472665
140,2012,Tasquena,40847631
141,2012,Tecnologico,11288939
142,2012,Tepalcates,6307928
143,2012,Tepito,8622465
144,2012,Terminal_Aerea,5477872
145,2012,Tezonco,730918
146,2012,Tezozomoc,2901291
147,2012,Tlahuac,1500495
148,2012,Tlaltenco,100733
149,2012,Tlatelolco,9160297
150,2012,UAM_I,10858900
151,2012,Universidad,28760314
152,2012,Valle_Gomez,1681310
153,2012,Vallejo,2448881
154,2012,Velodromo,3975466
155,2012,Viaducto,9682098
156,2012,Villa_de_Aragon,5216530
157,2012,Villa_de_Cortes,7869692
158,2012,Viveros,10018003
159,2012,Xola,10803113
160,2012,Zapata,12192079
161,2012,Zapotitlan,556812
162,2012,Zaragoza,19636440
163,2012,Zocalo,19651029
164,2013,Hosp_20_de_Noviembre,3269417
165,2013,Acatitla,4949291
166,2013,Aculco,3486566
167,2013,Agricola_Oriental,3470231
168,2013,Allende,14078777
169,2013,Apatlaco,4370291
170,2013,Aquiles_Serdan,6317053
171,2013,Aragon,2732838
172,2013,Atlalilco,8993418
173,2013,Auditorio,10900220
174,2013,Autobuses_del_Norte,9019743
175,2013,Azcapotzalco,2630544
176,2013,Balbuena,5738939
177,2013,Balderas,11119396
178,2013,Barranca_del_Muerto,13802760
179,2013,Bellas_Artes,18260665
180,2013,Blvd_Puerto_Aereo,11028780
181,2013,Bondojito,2372217
182,2013,Bosque_de_Aragon,2561524
183,2013,Buenavista,21180420
184,2013,Calle_11,4493840
185,2013,Camarones,5512976
186,2013,Canal_de_San_Juan,4877568
187,2013,Canal_del_Norte,3408574
188,2013,Candelaria,11397227
189,2013,Centro_Medico,13337638
190,2013,Cerro_de_la_Estrella,4366303
191,2013,Chabacano,14080374
192,2013,Chapultepec,20515860
193,2013,Chilpancingo,16785180
194,2013,Ciudad_Azteca,23999979
195,2013,Ciudad_Deportiva,3269661
196,2013,Colegio_Militar,5723025
197,2013,Constitucion_de_1917,30304731
198,2013,Constituyentes,3655930
199,2013,Consulado,3551020
200,2013,Copilco,15226335
201,2013,Coyoacan,10029709
202,2013,Coyuya,7866281
203,2013,Cuatro_Caminos,46056083
204,2013,Cuauhtemoc,7588755
205,2013,Cuitlahuac,7678662
206,2013,Culhuacan,4097340
207,2013,Deportivo_Oceania,6397418
208,2013,Deptvo_18_de_Marzo,17079929
209,2013,Division_del_Norte,7614497
210,2013,Doctores,4295756
211,2013,Eduardo_Molina,2778187
212,2013,Eje_Central,2727154
213,2013,El_Rosario,20081717
214,2013,Ermita,9478747
215,2013,Escuadron_201,8593219
216,2013,Etiopia,11355237
217,2013,Eugenia,6711970
218,2013,Ferreria,8116118
219,2013,Fray_Servando,2990366
220,2013,Garibaldi,11091254
221,2013,General_Anaya,11870161
222,2013,Gomez_Farias,15262126
223,2013,Guelatao,6339908
224,2013,Guerrero,6631372
225,2013,Hangares,1864860
226,2013,Hidalgo,20628093
227,2013,Hospital_General,8904046
228,2013,Impulsora,10258979
229,2013,Indios_Verdes,45476701
230,2013,Inst_del_Petroleo,3572734
231,2013,Insurgentes,21933745
232,2013,Insurgentes_Sur,8056989
233,2013,Isabel_la_Catolica,8921844
234,2013,Iztacalco,7889601
235,2013,Iztapalapa,4414140
236,2013,Jamaica,7025917
237,2013,Juanacatlan,4862266
238,2013,Juarez,7398241
239,2013,La_Paz,11527646
240,2013,La_Raza,16265072
241,2013,La_Viga,2522565
242,2013,La_Villa_Basilica,5562583
243,2013,Lagunilla,10282763
244,2013,Lazaro_Cardenas,4847806
245,2013,Lindavista,4783264
246,2013,Lomas_Estrella,2820339
247,2013,Los_Reyes,6572638
248,2013,Martin_Carrera,20311869
249,2013,Merced,19874308
250,2013,Mexicaltzingo,4716790
251,2013,Miguel_A_de_Q,11588296
252,2013,Misterios,3062814
253,2013,Mixcoac,12197029
254,2013,Mixiuhca,7672275
255,2013,Moctezuma,11470859
256,2013,Morelos,4746606
257,2013,Muzquiz,12717810
258,2013,Nativitas,8435785
259,2013,Nezahualcoyotl,9181293
260,2013,Ninos_Heroes,6983816
261,2013,Nopalera,5100859
262,2013,Normal,14522923
263,2013,Norte_45,2648537
264,2013,Obrera,4138066
265,2013,Observatorio,27105718
266,2013,Oceania,7065026
267,2013,Olimpica,7414883
268,2013,Olivos,4755272
269,2013,Panteones,4848887
270,2013,Pantitlan,121556691
271,2013,Parque_de_los_Venados,2905622
272,2013,Patriotismo,6690207
273,2013,Penon_Viejo,4817577
274,2013,Periferico_Oriente,8239154
275,2013,Pino_Suarez,23066904
276,2013,Plaza_Aragon,8051697
277,2013,Polanco,10543898
278,2013,Politecnico,12826894
279,2013,Popotla,3964761
280,2013,Portales,8452849
281,2013,Potrero,7911896
282,2013,Puebla,12162030
283,2013,Refineria,3578888
284,2013,Revolucion,12275047
285,2013,Ricardo_Flores_Magon,2492573
286,2013,Rio_de_los_Remedios,8545140
287,2013,Romero_Rubio,3552826
288,2013,Salto_del_Agua,16548333
289,2013,San_Andres_Tomatlan,3136383
290,2013,San_Antonio,5575555
291,2013,San_Antonio_Abad,7801693
292,2013,San_Cosme,10387074
293,2013,San_Joaquin,7131780
294,2013,San_Juan_Letran,11384382
295,2013,San_Lazaro,16161429
296,2013,San_Pedro_los_Pinos,3884675
297,2013,Santa_Anita,3308158
298,2013,Santa_Marta,9607048
299,2013,Sevilla,11660193
300,2013,Tacuba,16930082
301,2013,Tacubaya,33619008
302,2013,Talisman,2296547
303,2013,Tasquena,29811156
304,2013,Tecnologico,10454266
305,2013,Tepalcates,5247805
306,2013,Tepito,9453517
307,2013,Terminal_Aerea,5536824
308,2013,Tezonco,6137160
309,2013,Tezozomoc,2323243
310,2013,Tlahuac,12620535
311,2013,Tlaltenco,783193
312,2013,Tlatelolco,8419675
313,2013,UAM_I,8854542
314,2013,Universidad,26934814
315,2013,Valle_Gomez,1621149
316,2013,Vallejo,2390019
317,2013,Velodromo,3517196
318,2013,Viaducto,8596630
319,2013,Villa_de_Aragon,5296168
320,2013,Villa_de_Cortes,7030335
321,2013,Viveros,9181461
322,2013,Xola,7943060
323,2013,Zapata,15541824
324,2013,Zapotitlan,4099359
325,2013,Zaragoza,22357078
326,2013,Zocalo,25244785
327,2014,Hosp_20_de_Noviembre,3607568
328,2014,Acatitla,4961783
329,2014,Aculco,3416587
330,2014,Agricola_Oriental,3874686
331,2014,Allende,12681968
332,2014,Apatlaco,4811139
333,2014,Aquiles_Serdan,5904210
334,2014,Aragon,2703820
335,2014,Atlalilco,19969711
336,2014,Auditorio,11063269
337,2014,Autobuses_del_Norte,8637817
338,2014,Azcapotzalco,2834420
339,2014,Balbuena,5442959
340,2014,Balderas,11287903
341,2014,Barranca_del_Muerto,13282149
342,2014,Bellas_Artes,18080634
343,2014,Blvd_Puerto_Aereo,10768640
344,2014,Bondojito,2323324
345,2014,Bosque_de_Aragon,2439730
346,2014,Buenavista,20722413
347,2014,Calle_11,858889
348,2014,Camarones,5420195
349,2014,Canal_de_San_Juan,4829138
350,2014,Canal_del_Norte,3305855
351,2014,Candelaria,12026459
352,2014,Centro_Medico,12845255
353,2014,Cerro_de_la_Estrella,4152718
354,2014,Chabacano,14995687
355,2014,Chapultepec,20433581
356,2014,Chilpancingo,15546166
357,2014,Ciudad_Azteca,22693910
358,2014,Ciudad_Deportiva,3107334
359,2014,Colegio_Militar,5774657
360,2014,Constitucion_de_1917,31817841
361,2014,Constituyentes,3516304
362,2014,Consulado,3460147
363,2014,Copilco,14898388
364,2014,Coyoacan,9679497
365,2014,Coyuya,7267919
366,2014,Cuatro_Caminos,41904523
367,2014,Cuauhtemoc,7842706
368,2014,Cuitlahuac,7228431
369,2014,Culhuacan,798544
370,2014,Deportivo_Oceania,5987504
371,2014,Deptvo_18_de_Marzo,16027576
372,2014,Division_del_Norte,7247832
373,2014,Doctores,4330179
374,2014,Eduardo_Molina,2704567
375,2014,Eje_Central,2434342
376,2014,El_Rosario,19793075
377,2014,Ermita,8731425
378,2014,Escuadron_201,8444834
379,2014,Etiopia,10921783
380,2014,Eugenia,6658355
381,2014,Ferreria,7843776
382,2014,Fray_Servando,2884276
383,2014,Garibaldi,11018105
384,2014,General_Anaya,11993457
385,2014,Gomez_Farias,15350466
386,2014,Guelatao,6376070
387,2014,Guerrero,6660914
388,2014,Hangares,1784681
389,2014,Hidalgo,19675849
390,2014,Hospital_General,8815281
391,2014,Impulsora,9418656
392,2014,Indios_Verdes,44066501
393,2014,Inst_del_Petroleo,3380971
394,2014,Insurgentes,22607506
395,2014,Insurgentes_Sur,8350246
396,2014,Isabel_la_Catolica,8731440
397,2014,Iztacalco,7604880
398,2014,Iztapalapa,3227677
399,2014,Jamaica,6695799
400,2014,Juanacatlan,4672595
401,2014,Juarez,7037722
402,2014,La_Paz,12778556
403,2014,La_Raza,15693593
404,2014,La_Viga,2470567
405,2014,La_Villa_Basilica,5302469
406,2014,Lagunilla,10025696
407,2014,Lazaro_Cardenas,4566074
408,2014,Lindavista,4870684
409,2014,Lomas_Estrella,561677
410,2014,Los_Reyes,6890741
411,2014,Martin_Carrera,19724636
412,2014,Merced,19652429
413,2014,Mexicaltzingo,4212259
414,2014,Miguel_A_de_Q,11243904
415,2014,Misterios,3049586
416,2014,Mixcoac,11801796
417,2014,Mixiuhca,7351812
418,2014,Moctezuma,9642142
419,2014,Morelos,4661194
420,2014,Muzquiz,12078962
421,2014,Nativitas,8077264
422,2014,Nezahualcoyotl,8803387
423,2014,Ninos_Heroes,6880404
424,2014,Nopalera,1044607
425,2014,Normal,13353961
426,2014,Norte_45,2506044
427,2014,Obrera,4801866
428,2014,Observatorio,27036330
429,2014,Oceania,6878540
430,2014,Olimpica,6842105
431,2014,Olivos,913054
432,2014,Panteones,4902826
433,2014,Pantitlan,122512822
434,2014,Parque_de_los_Venados,2863417
435,2014,Patriotismo,6702496
436,2014,Penon_Viejo,4608747
437,2014,Periferico_Oriente,1558004
438,2014,Pino_Suarez,21856531
439,2014,Plaza_Aragon,7463033
440,2014,Polanco,10307974
441,2014,Politecnico,12274639
442,2014,Popotla,3729954
443,2014,Portales,7954929
444,2014,Potrero,7184004
445,2014,Puebla,11776278
446,2014,Refineria,3525684
447,2014,Revolucion,9037751
448,2014,Ricardo_Flores_Magon,2376216
449,2014,Rio_de_los_Remedios,8131707
450,2014,Romero_Rubio,3431783
451,2014,Salto_del_Agua,16072832
452,2014,San_Andres_Tomatlan,638775
453,2014,San_Antonio,5328111
454,2014,San_Antonio_Abad,8712209
455,2014,San_Cosme,10729878
456,2014,San_Joaquin,8118882
457,2014,San_Juan_Letran,10763293
458,2014,San_Lazaro,16593908
459,2014,San_Pedro_los_Pinos,4541571
460,2014,Santa_Anita,3512594
461,2014,Santa_Marta,9415574
462,2014,Sevilla,11700900
463,2014,Tacuba,16706961
464,2014,Tacubaya,33041979
465,2014,Talisman,2248090
466,2014,Tasquena,31847185
467,2014,Tecnologico,10138694
468,2014,Tepalcates,5399036
469,2014,Tepito,8634901
470,2014,Terminal_Aerea,5734509
471,2014,Tezonco,1234198
472,2014,Tezozomoc,2071986
473,2014,Tlahuac,2646806
474,2014,Tlaltenco,148671
475,2014,Tlatelolco,7815836
476,2014,UAM_I,9234074
477,2014,Universidad,26205477
478,2014,Valle_Gomez,1607802
479,2014,Vallejo,2499407
480,2014,Velodromo,3215791
481,2014,Viaducto,7903530
482,2014,Villa_de_Aragon,4979959
483,2014,Villa_de_Cortes,6974986
484,2014,Viveros,8676216
485,2014,Xola,7539018
486,2014,Zapata,14243584
487,2014,Zapotitlan,785447
488,2014,Zaragoza,19655974
489,2014,Zocalo,26402602
490,2015,Hosp_20_de_Noviembre,3874660
491,2015,Acatitla,3768231
492,2015,Aculco,3436202
493,2015,Agricola_Oriental,3795431
494,2015,Allende,11808693
495,2015,Apatlaco,5073278
496,2015,Aquiles_Serdan,5612941
497,2015,Aragon,2669995
498,2015,Atlalilco,19224328
499,2015,Auditorio,11520226
500,2015,Autobuses_del_Norte,8591750
501,2015,Azcapotzalco,3166394
502,2015,Balbuena,5095489
503,2015,Balderas,11172304
504,2015,Barranca_del_Muerto,13694853
505,2015,Bellas_Artes,19652747
506,2015,Blvd_Puerto_Aereo,10789494
507,2015,Bondojito,2438388
508,2015,Bosque_de_Aragon,2416316
509,2015,Buenavista,21507558
510,2015,Calle_11,635128
511,2015,Camarones,5503112
512,2015,Canal_de_San_Juan,4417962
513,2015,Canal_del_Norte,3366157
514,2015,Candelaria,12086671
515,2015,Centro_Medico,12864898
516,2015,Cerro_de_la_Estrella,3692482
517,2015,Chabacano,15599469
518,2015,Chapultepec,21602139
519,2015,Chilpancingo,16205591
520,2015,Ciudad_Azteca,23268879
521,2015,Ciudad_Deportiva,2426932
522,2015,Colegio_Militar,5753827
523,2015,Constitucion_de_1917,35605628
524,2015,Constituyentes,3091622
525,2015,Consulado,3497252
526,2015,Copilco,13764580
527,2015,Coyoacan,9216965
528,2015,Coyuya,7502640
529,2015,Cuatro_Caminos,40423144
530,2015,Cuauhtemoc,8350845
531,2015,Cuitlahuac,7103440
532,2015,Culhuacan,589953
533,2015,Deportivo_Oceania,6190169
534,2015,Deptvo_18_de_Marzo,15408436
535,2015,Division_del_Norte,7107748
536,2015,Doctores,4455344
537,2015,Eduardo_Molina,2666483
538,2015,Eje_Central,2417695
539,2015,El_Rosario,7024442
540,2015,Ermita,8642618
541,2015,Escuadron_201,8492915
542,2015,Etiopia,10885672
543,2015,Eugenia,6669576
544,2015,Ferreria,8792855
545,2015,Fray_Servando,2955405
546,2015,Garibaldi,10161620
547,2015,General_Anaya,11970766
548,2015,Gomez_Farias,15129911
549,2015,Guelatao,8271546
550,2015,Guerrero,6410031
551,2015,Hangares,1877580
552,2015,Hidalgo,20172169
553,2015,Hospital_General,8566280
554,2015,Impulsora,9069981
555,2015,Indios_Verdes,43952837
556,2015,Inst_del_Petroleo,3526843
557,2015,Insurgentes,23113713
558,2015,Insurgentes_Sur,8977247
559,2015,Isabel_la_Catolica,8494830
560,2015,Iztacalco,7759199
561,2015,Iztapalapa,3424030
562,2015,Jamaica,7213728
563,2015,Juanacatlan,4546682
564,2015,Juarez,6786145
565,2015,La_Paz,9662146
566,2015,La_Raza,15639555
567,2015,La_Viga,2504240
568,2015,La_Villa_Basilica,5855376
569,2015,Lagunilla,9678145
570,2015,Lazaro_Cardenas,4570492
571,2015,Lindavista,5932906
572,2015,Lomas_Estrella,419847
573,2015,Los_Reyes,5270811
574,2015,Martin_Carrera,20498520
575,2015,Merced,19444093
576,2015,Mexicaltzingo,4458248
577,2015,Miguel_A_de_Q,11781124
578,2015,Misterios,3005192
579,2015,Mixcoac,12540439
580,2015,Mixiuhca,7145429
581,2015,Moctezuma,9213638
582,2015,Morelos,4559842
583,2015,Muzquiz,11991588
584,2015,Nativitas,7529556
585,2015,Nezahualcoyotl,8917944
586,2015,Ninos_Heroes,6897969
587,2015,Nopalera,422079
588,2015,Normal,13685576
589,2015,Norte_45,2533688
590,2015,Obrera,5124375
591,2015,Observatorio,27711208
592,2015,Oceania,7108162
593,2015,Olimpica,6649315
594,2015,Olivos,373081
595,2015,Panteones,5492559
596,2015,Pantitlan,129415886
597,2015,Parque_de_los_Venados,3021968
598,2015,Patriotismo,6648752
599,2015,Penon_Viejo,3520118
600,2015,Periferico_Oriente,2164744
601,2015,Pino_Suarez,21745504
602,2015,Plaza_Aragon,7384811
603,2015,Polanco,11458073
604,2015,Politecnico,12827868
605,2015,Popotla,3857093
606,2015,Portales,7855275
607,2015,Potrero,7384471
608,2015,Puebla,12658742
609,2015,Refineria,3440654
610,2015,Revolucion,6370493
611,2015,Ricardo_Flores_Magon,2019867
612,2015,Rio_de_los_Remedios,8212009
613,2015,Romero_Rubio,3291844
614,2015,Salto_del_Agua,15592431
615,2015,San_Andres_Tomatlan,450208
616,2015,San_Antonio,5394351
617,2015,San_Antonio_Abad,8810733
618,2015,San_Cosme,10473114
619,2015,San_Joaquin,8411507
620,2015,San_Juan_Letran,11362912
621,2015,San_Lazaro,17349867
622,2015,San_Pedro_los_Pinos,4948137
623,2015,Santa_Anita,3231383
624,2015,Santa_Marta,7151062
625,2015,Sevilla,12304257
626,2015,Tacuba,16795826
627,2015,Tacubaya,33436555
628,2015,Talisman,2276807
629,2015,Tasquena,32791204
630,2015,Tecnologico,10401816
631,2015,Tepalcates,5953370
632,2015,Tepito,7855334
633,2015,Terminal_Aerea,5937008
634,2015,Tezonco,432408
635,2015,Tezozomoc,2046316
636,2015,Tlahuac,908859
637,2015,Tlaltenco,68333
638,2015,Tlatelolco,8057191
639,2015,UAM_I,9113491
640,2015,Universidad,26367195
641,2015,Valle_Gomez,1636122
642,2015,Vallejo,2657493
643,2015,Velodromo,3303363
644,2015,Viaducto,7711654
645,2015,Villa_de_Aragon,5084941
646,2015,Villa_de_Cortes,6881406
647,2015,Viveros,8517180
648,2015,Xola,7954990
649,2015,Zapata,14438725
650,2015,Zapotitlan,315689
651,2015,Zaragoza,20570498
652,2015,Zocalo,26229616
653,2016,Hosp_20_de_Noviembre,4150150
654,2016,Acatitla,4832704
655,2016,Aculco,3247038
656,2016,Agricola_Oriental,3626499
657,2016,Allende,11425327
658,2016,Apatlaco,5243455
659,2016,Aquiles_Serdan,6057188
660,2016,Aragon,2619656
661,2016,Atlalilco,9987470
662,2016,Auditorio,12218504
663,2016,Autobuses_del_Norte,8682345
664,2016,Azcapotzalco,3058994
665,2016,Balbuena,4942850
666,2016,Balderas,11136384
667,2016,Barranca_del_Muerto,14508378
668,2016,Bellas_Artes,20105901
669,2016,Blvd_Puerto_Aereo,9663402
670,2016,Bondojito,2459781
671,2016,Bosque_de_Aragon,2496091
672,2016,Buenavista,21423610
673,2016,Calle_11,4425985
674,2016,Camarones,5508612
675,2016,Canal_de_San_Juan,4621885
676,2016,Canal_del_Norte,3252661
677,2016,Candelaria,11901331
678,2016,Centro_Medico,13120811
679,2016,Cerro_de_la_Estrella,4022013
680,2016,Chabacano,15664446
681,2016,Chapultepec,20586480
682,2016,Chilpancingo,16059326
683,2016,Ciudad_Azteca,22574939
684,2016,Ciudad_Deportiva,2408254
685,2016,Colegio_Militar,5556209
686,2016,Constitucion_de_1917,33271713
687,2016,Constituyentes,3178801
688,2016,Consulado,3389795
689,2016,Copilco,14958149
690,2016,Coyoacan,8719798
691,2016,Coyuya,7611525
692,2016,Cuatro_Caminos,38962862
693,2016,Cuauhtemoc,8512525
694,2016,Cuitlahuac,7010603
695,2016,Culhuacan,4310520
696,2016,Deportivo_Oceania,5966690
697,2016,Deptvo_18_de_Marzo,14040651
698,2016,Division_del_Norte,7106344
699,2016,Doctores,4519391
700,2016,Eduardo_Molina,2558663
701,2016,Eje_Central,3331007
702,2016,El_Rosario,20343288
703,2016,Ermita,9631903
704,2016,Escuadron_201,8607804
705,2016,Etiopia,11055480
706,2016,Eugenia,6721700
707,2016,Ferreria,8644085
708,2016,Fray_Servando,2964350
709,2016,Garibaldi,9466095
710,2016,General_Anaya,10649317
711,2016,Gomez_Farias,14170037
712,2016,Guelatao,6836208
713,2016,Guerrero,6198407
714,2016,Hangares,1804140
715,2016,Hidalgo,18195955
716,2016,Hospital_General,8449620
717,2016,Impulsora,9300528
718,2016,Indios_Verdes,42908356
719,2016,Inst_del_Petroleo,3333268
720,2016,Insurgentes,21737014
721,2016,Insurgentes_Sur,10534634
722,2016,Isabel_la_Catolica,8671069
723,2016,Iztacalco,7949025
724,2016,Iztapalapa,3267242
725,2016,Jamaica,7056588
726,2016,Juanacatlan,4446100
727,2016,Juarez,6840125
728,2016,La_Paz,12410669
729,2016,La_Raza,14721519
730,2016,La_Viga,2575023
731,2016,La_Villa_Basilica,5674969
732,2016,Lagunilla,9434444
733,2016,Lazaro_Cardenas,4574899
734,2016,Lindavista,6429652
735,2016,Lomas_Estrella,3476299
736,2016,Los_Reyes,6646731
737,2016,Martin_Carrera,18515788
738,2016,Merced,19312283
739,2016,Mexicaltzingo,5797272
740,2016,Miguel_A_de_Q,12813161
741,2016,Misterios,2985039
742,2016,Mixcoac,13282980
743,2016,Mixiuhca,7009299
744,2016,Moctezuma,8547315
745,2016,Morelos,4249475
746,2016,Muzquiz,11979577
747,2016,Nativitas,7780389
748,2016,Nezahualcoyotl,8795582
749,2016,Ninos_Heroes,7009591
750,2016,Nopalera,5888690
751,2016,Normal,13393733
752,2016,Norte_45,2434878
753,2016,Obrera,4743367
754,2016,Observatorio,27732577
755,2016,Oceania,6991281
756,2016,Olimpica,6651719
757,2016,Olivos,4789236
758,2016,Panteones,5759783
759,2016,Pantitlan,128758883
760,2016,Parque_de_los_Venados,3609186
761,2016,Patriotismo,6549633
762,2016,Penon_Viejo,4490782
763,2016,Periferico_Oriente,8363998
764,2016,Pino_Suarez,22043209
765,2016,Plaza_Aragon,7516552
766,2016,Polanco,11832706
767,2016,Politecnico,12038043
768,2016,Popotla,3766005
769,2016,Portales,8090763
770,2016,Potrero,6984359
771,2016,Puebla,11892743
772,2016,Refineria,3841233
773,2016,Revolucion,10450175
774,2016,Ricardo_Flores_Magon,1957061
775,2016,Rio_de_los_Remedios,8406660
776,2016,Romero_Rubio,3001060
777,2016,Salto_del_Agua,15394400
778,2016,San_Andres_Tomatlan,3312057
779,2016,San_Antonio,5597161
780,2016,San_Antonio_Abad,8866883
781,2016,San_Cosme,9417922
782,2016,San_Joaquin,9256336
783,2016,San_Juan_Letran,11286742
784,2016,San_Lazaro,17641650
785,2016,San_Pedro_los_Pinos,5070899
786,2016,Santa_Anita,3236012
787,2016,Santa_Marta,9326927
788,2016,Sevilla,12539284
789,2016,Tacuba,16586292
790,2016,Tacubaya,33692967
791,2016,Talisman,2097842
792,2016,Tasquena,27943776
793,2016,Tecnologico,10399823
794,2016,Tepalcates,6241923
795,2016,Tepito,8151741
796,2016,Terminal_Aerea,6117190
797,2016,Tezonco,6295461
798,2016,Tezozomoc,2031143
799,2016,Tlahuac,14475541
800,2016,Tlaltenco,864854
801,2016,Tlatelolco,7857136
802,2016,UAM_I,8796002
803,2016,Universidad,27022576
804,2016,Valle_Gomez,1657884
805,2016,Vallejo,3052441
806,2016,Velodromo,3401904
807,2016,Viaducto,7597169
808,2016,Villa_de_Aragon,5147843
809,2016,Villa_de_Cortes,6772031
810,2016,Viveros,8495111
811,2016,Xola,7785715
812,2016,Zapata,14405744
813,2016,Zapotitlan,4134438
814,2016,Zaragoza,19093141
815,2016,Zocalo,26678428
816,2017,Hosp_20_de_Noviembre,4215476
817,2017,Acatitla,4905853
818,2017,Aculco,3152734
819,2017,Agricola_Oriental,3651505
820,2017,Allende,10920111
821,2017,Apatlaco,5332327
822,2017,Aquiles_Serdan,5765053
823,2017,Aragon,2624161
824,2017,Atlalilco,9822993
825,2017,Auditorio,12096093
826,2017,Autobuses_del_Norte,8211462
827,2017,Azcapotzalco,2970709
828,2017,Balbuena,4551153
829,2017,Balderas,10650748
830,2017,Barranca_del_Muerto,15078243
831,2017,Bellas_Artes,19419770
832,2017,Blvd_Puerto_Aereo,9012202
833,2017,Bondojito,2296986
834,2017,Bosque_de_Aragon,2352976
835,2017,Buenavista,21644709
836,2017,Calle_11,4688487
837,2017,Camarones,5285813
838,2017,Canal_de_San_Juan,4547862
839,2017,Canal_del_Norte,3239834
840,2017,Candelaria,11494887
841,2017,Centro_Medico,12853598
842,2017,Cerro_de_la_Estrella,4062511
843,2017,Chabacano,15686927
844,2017,Chapultepec,19281783
845,2017,Chilpancingo,15544376
846,2017,Ciudad_Azteca,20861402
847,2017,Ciudad_Deportiva,2401534
848,2017,Colegio_Militar,5511466
849,2017,Constitucion_de_1917,30795626
850,2017,Constituyentes,3050791
851,2017,Consulado,3366155
852,2017,Copilco,14981668
853,2017,Coyoacan,8699196
854,2017,Coyuya,7674640
855,2017,Cuatro_Caminos,39364914
856,2017,Cuauhtemoc,7812188
857,2017,Cuitlahuac,6732158
858,2017,Culhuacan,4750865
859,2017,Deportivo_Oceania,5506834
860,2017,Deptvo_18_de_Marzo,13691285
861,2017,Division_del_Norte,6706794
862,2017,Doctores,4270296
863,2017,Eduardo_Molina,2437928
864,2017,Eje_Central,3493383
865,2017,El_Rosario,19422170
866,2017,Ermita,9786050
867,2017,Escuadron_201,8250338
868,2017,Etiopia,10892033
869,2017,Eugenia,6659665
870,2017,Ferreria,8299914
871,2017,Fray_Servando,3043479
872,2017,Garibaldi,8877936
873,2017,General_Anaya,10477674
874,2017,Gomez_Farias,11938118
875,2017,Guelatao,6469026
876,2017,Guerrero,5994455
877,2017,Hangares,1850363
878,2017,Hidalgo,16689689
879,2017,Hospital_General,8035005
880,2017,Impulsora,8677537
881,2017,Indios_Verdes,40218841
882,2017,Inst_del_Petroleo,3308261
883,2017,Insurgentes,20271258
884,2017,Insurgentes_Sur,11182761
885,2017,Isabel_la_Catolica,8609467
886,2017,Iztacalco,7666917
887,2017,Iztapalapa,3625823
888,2017,Jamaica,7101963
889,2017,Juanacatlan,4153639
890,2017,Juarez,6495647
891,2017,La_Paz,13869132
892,2017,La_Raza,15458936
893,2017,La_Viga,2350772
894,2017,La_Villa_Basilica,5624559
895,2017,Lagunilla,8885979
896,2017,Lazaro_Cardenas,4341319
897,2017,Lindavista,6530738
898,2017,Lomas_Estrella,4031403
899,2017,Los_Reyes,6731039
900,2017,Martin_Carrera,18906823
901,2017,Merced,18149919
902,2017,Mexicaltzingo,6163465
903,2017,Miguel_A_de_Q,12618896
904,2017,Misterios,3000250
905,2017,Mixcoac,13822450
906,2017,Mixiuhca,6724486
907,2017,Moctezuma,7798657
908,2017,Morelos,4440342
909,2017,Muzquiz,11039075
910,2017,Nativitas,7236315
911,2017,Nezahualcoyotl,8111393
912,2017,Ninos_Heroes,7118081
913,2017,Nopalera,6098309
914,2017,Normal,12954200
915,2017,Norte_45,2535279
916,2017,Obrera,4487072
917,2017,Observatorio,26764337
918,2017,Oceania,6617072
919,2017,Olimpica,6279368
920,2017,Olivos,6750633
921,2017,Panteones,5275374
922,2017,Pantitlan,122493256
923,2017,Parque_de_los_Venados,3917164
924,2017,Patriotismo,6468546
925,2017,Penon_Viejo,4477026
926,2017,Periferico_Oriente,9114439
927,2017,Pino_Suarez,21414006
928,2017,Plaza_Aragon,7067177
929,2017,Polanco,11981607
930,2017,Politecnico,11917506
931,2017,Popotla,3672167
932,2017,Portales,8076454
933,2017,Potrero,6421265
934,2017,Puebla,11846171
935,2017,Refineria,3718657
936,2017,Revolucion,10584664
937,2017,Ricardo_Flores_Magon,1990396
938,2017,Rio_de_los_Remedios,7678199
939,2017,Romero_Rubio,3011671
940,2017,Salto_del_Agua,13623612
941,2017,San_Andres_Tomatlan,3688601
942,2017,San_Antonio,5569895
943,2017,San_Antonio_Abad,8453384
944,2017,San_Cosme,8694990
945,2017,San_Joaquin,9116304
946,2017,San_Juan_Letran,10569327
947,2017,San_Lazaro,16376779
948,2017,San_Pedro_los_Pinos,4775143
949,2017,Santa_Anita,3177704
950,2017,Santa_Marta,9027384
951,2017,Sevilla,11354446
952,2017,Tacuba,15619917
953,2017,Tacubaya,32359469
954,2017,Talisman,2031195
955,2017,Tasquena,27075614
956,2017,Tecnologico,9633286
957,2017,Tepalcates,5142008
958,2017,Tepito,7558104
959,2017,Terminal_Aerea,6282484
960,2017,Tezonco,7320523
961,2017,Tezozomoc,2018009
962,2017,Tlahuac,15084248
963,2017,Tlaltenco,898824
964,2017,Tlatelolco,7408684
965,2017,UAM_I,8846453
966,2017,Universidad,26726286
967,2017,Valle_Gomez,1620478
968,2017,Vallejo,2818557
969,2017,Velodromo,3271933
970,2017,Viaducto,7591103
971,2017,Villa_de_Aragon,5025145
972,2017,Villa_de_Cortes,6477842
973,2017,Viveros,8034608
974,2017,Xola,7698179
975,2017,Zapata,14396276
976,2017,Zapotitlan,3947346
977,2017,Zaragoza,18655391
978,2017,Zocalo,25648342
979,2018,Hosp_20_de_Noviembre,4326521
980,2018,Acatitla,5340589
981,2018,Aculco,3523188
982,2018,Agricola_Oriental,3933652
983,2018,Allende,10605916
984,2018,Apatlaco,4894955
985,2018,Aquiles_Serdan,5803378
986,2018,Aragon,2733501
987,2018,Atlalilco,10606560
988,2018,Auditorio,11693911
989,2018,Autobuses_del_Norte,8357253
990,2018,Azcapotzalco,2935018
991,2018,Balbuena,4791005
992,2018,Balderas,10348712
993,2018,Barranca_del_Muerto,16085373
994,2018,Bellas_Artes,19340059
995,2018,Blvd_Puerto_Aereo,8351742
996,2018,Bondojito,2393689
997,2018,Bosque_de_Aragon,2234978
998,2018,Buenavista,22023270
999,2018,Calle_11,5013591
1000,2018,Camarones,5694915
1001,2018,Canal_de_San_Juan,4440479
1002,2018,Canal_del_Norte,3265854
1003,2018,Candelaria,11347450
1004,2018,Centro_Medico,13213080
1005,2018,Cerro_de_la_Estrella,4326059
1006,2018,Chabacano,16416745
1007,2018,Chapultepec,19363646
1008,2018,Chilpancingo,14924903
1009,2018,Ciudad_Azteca,21343822
1010,2018,Ciudad_Deportiva,2443174
1011,2018,Colegio_Militar,5592756
1012,2018,Constitucion_de_1917,31911394
1013,2018,Constituyentes,3227704
1014,2018,Consulado,3430763
1015,2018,Copilco,14645189
1016,2018,Coyoacan,9451638
1017,2018,Coyuya,8279437
1018,2018,Cuatro_Caminos,39886917
1019,2018,Cuauhtemoc,8235598
1020,2018,Cuitlahuac,6819391
1021,2018,Culhuacan,5277511
1022,2018,Deportivo_Oceania,5589942
1023,2018,Deptvo_18_de_Marzo,13868622
1024,2018,Division_del_Norte,6771499
1025,2018,Doctores,4393370
1026,2018,Eduardo_Molina,2561895
1027,2018,Eje_Central,3826126
1028,2018,El_Rosario,19551711
1029,2018,Ermita,9864229
1030,2018,Escuadron_201,8679031
1031,2018,Etiopia,11106302
1032,2018,Eugenia,6694794
1033,2018,Ferreria,8737309
1034,2018,Fray_Servando,3182617
1035,2018,Garibaldi,8916507
1036,2018,General_Anaya,10111964
1037,2018,Gomez_Farias,12161295
1038,2018,Guelatao,6852441
1039,2018,Guerrero,6085540
1040,2018,Hangares,1894220
1041,2018,Hidalgo,16684747
1042,2018,Hospital_General,7882229
1043,2018,Impulsora,8927903
1044,2018,Indios_Verdes,40302169
1045,2018,Inst_del_Petroleo,3398008
1046,2018,Insurgentes,20092422
1047,2018,Insurgentes_Sur,12182849
1048,2018,Isabel_la_Catolica,8495815
1049,2018,Iztacalco,7919352
1050,2018,Iztapalapa,3969098
1051,2018,Jamaica,7400916
1052,2018,Juanacatlan,4314756
1053,2018,Juarez,6400618
1054,2018,La_Paz,14737134
1055,2018,La_Raza,15386591
1056,2018,La_Viga,2635022
1057,2018,La_Villa_Basilica,5635079
1058,2018,Lagunilla,8811544
1059,2018,Lazaro_Cardenas,4385713
1060,2018,Lindavista,6694207
1061,2018,Lomas_Estrella,4376819
1062,2018,Los_Reyes,5828441
1063,2018,Martin_Carrera,19282436
1064,2018,Merced,17833957
1065,2018,Mexicaltzingo,6687360
1066,2018,Miguel_A_de_Q,11767521
1067,2018,Misterios,3061616
1068,2018,Mixcoac,14243988
1069,2018,Mixiuhca,6608798
1070,2018,Moctezuma,8510790
1071,2018,Morelos,4685366
1072,2018,Muzquiz,11204236
1073,2018,Nativitas,8883727
1074,2018,Nezahualcoyotl,8117663
1075,2018,Ninos_Heroes,7737171
1076,2018,Nopalera,7366927
1077,2018,Normal,12895151
1078,2018,Norte_45,2596118
1079,2018,Obrera,4203449
1080,2018,Observatorio,26970170
1081,2018,Oceania,6687338
1082,2018,Olimpica,6356791
1083,2018,Olivos,5975875
1084,2018,Panteones,4541992
1085,2018,Pantitlan,125926444
1086,2018,Parque_de_los_Venados,4176515
1087,2018,Patriotismo,6654316
1088,2018,Penon_Viejo,4658352
1089,2018,Periferico_Oriente,10775159
1090,2018,Pino_Suarez,20257868
1091,2018,Plaza_Aragon,7428085
1092,2018,Polanco,12402252
1093,2018,Politecnico,12436525
1094,2018,Popotla,3679693
1095,2018,Portales,8658198
1096,2018,Potrero,6269063
1097,2018,Puebla,12194837
1098,2018,Refineria,3944874
1099,2018,Revolucion,10871623
1100,2018,Ricardo_Flores_Magon,2045844
1101,2018,Rio_de_los_Remedios,7787996
1102,2018,Romero_Rubio,2863109
1103,2018,Salto_del_Agua,13059547
1104,2018,San_Andres_Tomatlan,4124954
1105,2018,San_Antonio,5704256
1106,2018,San_Antonio_Abad,6788829
1107,2018,San_Cosme,8261419
1108,2018,San_Joaquin,9843032
1109,2018,San_Juan_Letran,10088092
1110,2018,San_Lazaro,16286672
1111,2018,San_Pedro_los_Pinos,4905337
1112,2018,Santa_Anita,3385451
1113,2018,Santa_Marta,9620244
1114,2018,Sevilla,11062555
1115,2018,Tacuba,15054508
1116,2018,Tacubaya,32259965
1117,2018,Talisman,2020237
1118,2018,Tasquena,29175678
1119,2018,Tecnologico,9927920
1120,2018,Tepalcates,6314510
1121,2018,Tepito,7942264
1122,2018,Terminal_Aerea,6637343
1123,2018,Tezonco,7883028
1124,2018,Tezozomoc,2111277
1125,2018,Tlahuac,18625102
1126,2018,Tlaltenco,1118914
1127,2018,Tlatelolco,7323374
1128,2018,UAM_I,9406548
1129,2018,Universidad,27199538
1130,2018,Valle_Gomez,1662292
1131,2018,Vallejo,2774548
1132,2018,Velodromo,3253838
1133,2018,Viaducto,7713645
1134,2018,Villa_de_Aragon,5314564
1135,2018,Villa_de_Cortes,6162928
1136,2018,Viveros,7829573
1137,2018,Xola,8037593
1138,2018,Zapata,13955475
1139,2018,Zapotitlan,4614901
1140,2018,Zaragoza,18168605
1141,2018,Zocalo,26421132
1142,2019,Hosp_20_de_Noviembre,2480476
1143,2019,Acatitla,3270609
1144,2019,Aculco,2040507
1145,2019,Agricola_Oriental,2345852
1146,2019,Allende,5847670
1147,2019,Apatlaco,2949629
1148,2019,Aquiles_Serdan,3279949
1149,2019,Aragon,1570730
1150,2019,Atlalilco,6219024
1151,2019,Auditorio,7372418
1152,2019,Autobuses_del_Norte,4680911
1153,2019,Azcapotzalco,1647256
1154,2019,Balbuena,2783452
1155,2019,Balderas,5855103
1156,2019,Barranca_del_Muerto,9500034
1157,2019,Bellas_Artes,12534182
1158,2019,Blvd_Puerto_Aereo,5054043
1159,2019,Bondojito,1341692
1160,2019,Bosque_de_Aragon,1167794
1161,2019,Buenavista,12474577
1162,2019,Calle_11,2996583
1163,2019,Camarones,3298864
1164,2019,Canal_de_San_Juan,2613989
1165,2019,Canal_del_Norte,1818125
1166,2019,Candelaria,6428141
1167,2019,Centro_Medico,6805899
1168,2019,Cerro_de_la_Estrella,2526790
1169,2019,Chabacano,8903161
1170,2019,Chapultepec,11267894
1171,2019,Chilpancingo,7699003
1172,2019,Ciudad_Azteca,12438922
1173,2019,Ciudad_Deportiva,1302894
1174,2019,Colegio_Militar,3092839
1175,2019,Constitucion_de_1917,18464916
1176,2019,Constituyentes,1860639
1177,2019,Consulado,1947372
1178,2019,Copilco,7614631
1179,2019,Coyoacan,5662789
1180,2019,Coyuya,4862259
1181,2019,Cuatro_Caminos,22001329
1182,2019,Cuauhtemoc,4766605
1183,2019,Cuitlahuac,3875070
1184,2019,Culhuacan,3119724
1185,2019,Deportivo_Oceania,3151845
1186,2019,Deptvo_18_de_Marzo,7265975
1187,2019,Division_del_Norte,3795499
1188,2019,Doctores,2601703
1189,2019,Eduardo_Molina,1413558
1190,2019,Eje_Central,2317674
1191,2019,El_Rosario,6858746
1192,2019,Ermita,5601879
1193,2019,Escuadron_201,4672812
1194,2019,Etiopia,6195149
1195,2019,Eugenia,3876872
1196,2019,Ferreria,4854924
1197,2019,Fray_Servando,1726083
1198,2019,Garibaldi,7003776
1199,2019,General_Anaya,5215681
1200,2019,Gomez_Farias,6243719
1201,2019,Guelatao,4364540
1202,2019,Guerrero,4413640
1203,2019,Hangares,1076985
1204,2019,Hidalgo,10961442
1205,2019,Hospital_General,4353928
1206,2019,Impulsora,5164347
1207,2019,Indios_Verdes,22347593
1208,2019,Inst_del_Petroleo,1936585
1209,2019,Insurgentes,11761808
1210,2019,Insurgentes_Sur,7341870
1211,2019,Isabel_la_Catolica,4740844
1212,2019,Iztacalco,4464519
1213,2019,Iztapalapa,2331262
1214,2019,Jamaica,3845251
1215,2019,Juanacatlan,2462803
1216,2019,Juarez,3565394
1217,2019,La_Paz,8846664
1218,2019,La_Raza,12920310
1219,2019,La_Viga,1588106
1220,2019,La_Villa_Basilica,3057439
1221,2019,Lagunilla,4765054
1222,2019,Lazaro_Cardenas,2199438
1223,2019,Lindavista,3692566
1224,2019,Lomas_Estrella,2548312
1225,2019,Los_Reyes,3474652
1226,2019,Martin_Carrera,10398663
1227,2019,Merced,10016484
1228,2019,Mexicaltzingo,3967491
1229,2019,Miguel_A_de_Q,6373759
1230,2019,Misterios,1666692
1231,2019,Mixcoac,8039006
1232,2019,Mixiuhca,3396933
1233,2019,Moctezuma,4503652
1234,2019,Morelos,3433726
1235,2019,Muzquiz,6424876
1236,2019,Nativitas,4189020
1237,2019,Nezahualcoyotl,4521509
1238,2019,Ninos_Heroes,4519758
1239,2019,Nopalera,4626554
1240,2019,Normal,7110080
1241,2019,Norte_45,1501482
1242,2019,Obrera,2511735
1243,2019,Observatorio,15301142
1244,2019,Oceania,3575172
1245,2019,Olimpica,3625433
1246,2019,Olivos,3653924
1247,2019,Panteones,2804677
1248,2019,Pantitlan,49829839
1249,2019,Parque_de_los_Venados,2459971
1250,2019,Patriotismo,3318654
1251,2019,Penon_Viejo,2829107
1252,2019,Periferico_Oriente,6781981
1253,2019,Pino_Suarez,11616516
1254,2019,Plaza_Aragon,4111306
1255,2019,Polanco,7696722
1256,2019,Politecnico,7102060
1257,2019,Popotla,2071243
1258,2019,Portales,4773828
1259,2019,Potrero,3562250
1260,2019,Puebla,6210089
1261,2019,Refineria,2304032
1262,2019,Revolucion,6199217
1263,2019,Ricardo_Flores_Magon,1241099
1264,2019,Rio_de_los_Remedios,4186224
1265,2019,Romero_Rubio,1679561
1266,2019,Salto_del_Agua,8504668
1267,2019,San_Andres_Tomatlan,2479885
1268,2019,San_Antonio,3028024
1269,2019,San_Antonio_Abad,4432751
1270,2019,San_Cosme,4983429
1271,2019,San_Joaquin,6176933
1272,2019,San_Juan_Letran,5646211
1273,2019,San_Lazaro,13775812
1274,2019,San_Pedro_los_Pinos,2902321
1275,2019,Santa_Anita,1047908
1276,2019,Santa_Marta,5785105
1277,2019,Sevilla,6428253
1278,2019,Tacuba,13560396
1279,2019,Tacubaya,22280359
1280,2019,Talisman,1109717
1281,2019,Tasquena,15799888
1282,2019,Tecnologico,5475416
1283,2019,Tepalcates,3661048
1284,2019,Tepito,4510676
1285,2019,Terminal_Aerea,3802629
1286,2019,Tezonco,4728555
1287,2019,Tezozomoc,1195104
1288,2019,Tlahuac,11669991
1289,2019,Tlaltenco,709992
1290,2019,Tlatelolco,4214092
1291,2019,UAM_I,5198442
1292,2019,Universidad,14861953
1293,2019,Valle_Gomez,926427
1294,2019,Vallejo,1659671
1295,2019,Velodromo,1625678
1296,2019,Viaducto,4208439
1297,2019,Villa_de_Aragon,2951006
1298,2019,Villa_de_Cortes,3627384
1299,2019,Viveros,4458305
1300,2019,Xola,4689290
1301,2019,Zapata,10568506
1302,2019,Zapotitlan,2822496
1303,2019,Zaragoza,10048563
1304,2019,Zocalo,14917058